label,area,solidity,circularity,ellipse_iou,ellipse_area_ratio,ellipse_axis_ratio,score,candidate
95,3,6.0000,1.6170,0.0000,0.0000,0.0000,1.3617,False
10,12,2.0000,1.2861,0.7692,0.9167,2.1506,1.0353,False
16,15,1.5789,1.1033,0.8125,0.9333,1.6181,0.9505,False
59,16572,0.9902,0.7959,0.9155,0.9847,1.5630,0.9457,True
94,6,2.4000,0.8085,0.7500,0.7500,4.8082,0.9359,False
53,14405,0.9308,0.6898,0.9356,0.9904,1.8659,0.9311,True
89,31,1.4419,1.0989,0.8286,0.9394,1.6494,0.9292,False
50,12,1.8462,0.8826,0.6471,0.7500,2.3946,0.8965,False
83,15,1.5789,1.1454,0.6875,0.8000,1.3236,0.8910,False
112,35,1.3725,0.8890,0.8000,0.9459,1.9153,0.8853,False
49,5,3.3333,1.1430,0.2000,0.2000,4.2407,0.8810,False
40,18610,0.8400,0.5757,0.8696,0.9635,1.3022,0.8744,True
98,16184,0.7659,0.4661,0.8733,0.9635,1.2808,0.8500,True
110,20,1.6667,0.8061,0.8696,0.8696,3.7970,0.8487,False
32,830,1.0343,0.8411,0.8821,0.9629,1.4241,0.8441,False
15,26873,0.8852,0.4926,0.7942,0.9248,1.6262,0.8430,True
78,1873,0.9952,0.8152,0.8978,0.9685,1.3261,0.8401,False
46,49,1.3067,0.9428,0.7419,0.8305,1.6492,0.8399,False
42,10688,0.9591,0.7808,0.9044,0.9668,1.1712,0.8315,False
38,1719,0.9942,0.7750,0.8706,0.9582,1.4570,0.8248,False
101,3858,0.9519,0.7025,0.8977,0.9760,1.7653,0.8212,False
23,2419,0.9922,0.8046,0.8463,0.9468,1.2504,0.8171,False
107,1983,0.9754,0.7586,0.8431,0.9420,1.3004,0.8073,False
21,88,1.0667,0.7067,0.7864,0.9167,1.9715,0.7968,False
18,3400,0.9219,0.6985,0.8566,0.9505,1.4657,0.7966,False
17,592,0.9642,0.7221,0.8267,0.9236,1.4617,0.7929,False
6,350,1.0417,0.6984,0.7840,0.9091,2.1517,0.7889,False
109,455,0.9589,0.7084,0.8282,0.9046,1.5785,0.7882,False
61,13173,0.8270,0.3722,0.7355,0.8534,2.4691,0.7880,False
29,1320,0.9517,0.5938,0.8447,0.9192,2.4676,0.7833,False
105,664,0.9940,0.6642,0.8018,0.9022,2.1262,0.7812,False
54,207,1.0838,0.7216,0.7373,0.8771,1.4884,0.7785,False
56,1553,0.9225,0.5996,0.8379,0.9255,2.0045,0.7765,False
24,131,1.0038,0.7103,0.7673,0.8733,1.1546,0.7713,False
22,9458,0.9034,0.5563,0.8364,0.9295,2.0921,0.7685,False
97,6693,0.8946,0.5563,0.8393,0.9295,1.9298,0.7677,False
81,7151,0.8956,0.5584,0.8314,0.9329,1.9552,0.7659,False
111,637,1.0047,0.6659,0.7671,0.8655,1.7045,0.7658,False
2,2409,0.9290,0.6591,0.7955,0.8860,1.7601,0.7630,False
88,79,1.1127,0.6824,0.6923,0.8144,1.8608,0.7552,False
11,16,1.7778,0.7621,0.6250,0.6957,2.5534,0.7549,False
84,243,0.9739,0.5783,0.7718,0.8526,2.3835,0.7506,False
4,35,1.2727,0.7336,0.8293,0.8750,3.6407,0.7494,False
55,5011,0.9022,0.5932,0.7799,0.8827,1.8662,0.7451,False
20,900,0.8902,0.5777,0.7981,0.8637,1.8164,0.7447,False
7,1113,0.8883,0.5967,0.7824,0.8812,1.6569,0.7434,False
27,1780,0.9142,0.6741,0.7551,0.8545,1.2069,0.7427,False
108,727,0.8981,0.6101,0.7692,0.8686,1.6116,0.7401,False
104,10464,0.8587,0.3896,0.8142,0.9028,2.3989,0.7311,False
1,465,0.8942,0.5274,0.7711,0.8595,2.3303,0.7304,False
74,5292,0.9146,0.5599,0.7386,0.8500,1.6821,0.7249,False
58,341,1.0476,0.6648,0.8720,0.9446,2.6477,0.7229,False
33,950,1.0144,0.6153,0.8790,0.9586,2.8269,0.7159,False
92,3433,0.8316,0.5287,0.7349,0.8500,1.9875,0.7039,False
86,259,0.8691,0.5695,0.7130,0.8094,1.6576,0.7017,False
60,98,1.0481,0.6349,0.6084,0.7424,1.4757,0.6974,False
82,1904,0.8351,0.5323,0.7255,0.8165,1.7604,0.6966,False
5,47,1.1605,0.5245,0.7857,0.8868,4.6675,0.6926,False
75,1026,0.8294,0.4784,0.7291,0.7947,2.1136,0.6881,False
3,1003,0.8684,0.4592,0.7031,0.7799,2.3069,0.6827,False
44,7514,0.8074,0.4387,0.7225,0.8200,2.0334,0.6812,False
25,1224,0.9448,0.5290,0.8554,0.9301,2.6815,0.6808,False
87,49,1.0103,0.5871,0.6081,0.7000,1.9826,0.6786,False
106,210,1.1024,0.4593,0.7903,0.8974,4.2549,0.6776,False
47,3581,0.9354,0.5503,0.8344,0.9196,2.8701,0.6721,False
26,1410,0.9944,0.5107,0.8240,0.8896,3.2362,0.6718,False
43,5718,0.7881,0.4015,0.7124,0.8109,1.6904,0.6687,False
100,6918,0.6819,0.3133,0.7693,0.8523,1.2685,0.6648,False
71,441,0.9714,0.4947,0.8089,0.8891,2.9717,0.6602,False
39,864,0.8316,0.4853,0.6551,0.7633,1.7903,0.6586,False
72,2359,0.7903,0.4160,0.6741,0.7824,2.3324,0.6530,False
19,3025,0.7316,0.4225,0.7021,0.7886,2.0400,0.6526,False
79,84,1.0769,0.5876,0.7130,0.8317,2.9447,0.6484,False
52,11338,0.7137,0.2157,0.7128,0.8358,2.2259,0.6392,False
12,496,0.8771,0.4522,0.7939,0.8763,3.6577,0.6300,False
67,2,0.0000,6.2832,0.0000,0.0000,0.0000,0.6283,False
68,2,0.0000,6.2832,0.0000,0.0000,0.0000,0.6283,False
73,10,1.3333,0.6504,0.3750,0.4348,1.5989,0.6282,False
45,34515,0.6886,0.2623,0.6271,0.7820,2.0313,0.6007,False
28,3015,0.7988,0.2835,0.7682,0.8634,4.9928,0.5865,False
85,1978,0.8864,0.2397,0.7204,0.7989,9.4188,0.5732,False
48,4884,0.6867,0.2831,0.5735,0.6911,1.2236,0.5701,False
99,262,0.8062,0.4630,0.5021,0.5708,1.4969,0.5689,False
103,260,0.9665,0.3550,0.6458,0.7558,4.1415,0.5682,False
30,4926,0.6404,0.2601,0.5567,0.6809,1.1055,0.5511,False
9,4298,0.6352,0.2878,0.5544,0.6526,1.7793,0.5478,False
35,2670,0.8371,0.3121,0.6668,0.7545,4.7729,0.5452,False
80,5537,0.6444,0.2859,0.5323,0.6220,1.8500,0.5371,False
8,9706,0.6351,0.2625,0.5025,0.6148,1.6910,0.5214,False
41,320,0.7824,0.2313,0.6511,0.7565,6.4744,0.5210,False
14,17,0.0000,0.2086,1.0000,1.0000,4023.0054,0.5209,False
37,32,1.1034,0.3155,0.5172,0.5714,5.8898,0.5190,False
63,803,0.7370,0.3457,0.5785,0.6544,3.4043,0.4826,False
62,7581,0.7200,0.3183,0.5692,0.6536,2.7472,0.4731,False
91,4,0.0000,1.3963,0.6667,0.6667,14420.2670,0.4730,False
77,1406,0.5822,0.2031,0.5569,0.6760,4.2415,0.4331,False
31,2703,0.6658,0.2573,0.4872,0.5564,3.0432,0.4129,False
96,265,0.6170,0.2605,0.2626,0.3264,2.3899,0.3903,False
51,5,0.0000,0.9817,0.5556,0.5556,10746.9971,0.3760,False
69,12,1.3333,0.5175,0.0893,0.1091,5.9175,0.3660,False
70,3328,0.5463,0.2668,0.1586,0.2179,1.1648,0.3241,False
66,3,0.0000,2.3562,0.0000,0.0000,0.0000,0.2356,False
36,3,0.0000,1.1781,0.0000,0.0000,0.0000,0.1178,False
13,1,0.0000,0.0000,0.0000,0.0000,0.0000,0.0000,False
34,1,0.0000,0.0000,0.0000,0.0000,0.0000,0.0000,False
57,1,0.0000,0.0000,0.0000,0.0000,0.0000,0.0000,False
64,1,0.0000,0.0000,0.0000,0.0000,0.0000,0.0000,False
65,1,0.0000,0.0000,0.0000,0.0000,0.0000,0.0000,False
76,1,0.0000,0.0000,0.0000,0.0000,0.0000,0.0000,False
90,1,0.0000,0.0000,0.0000,0.0000,0.0000,0.0000,False
93,1,0.0000,0.0000,0.0000,0.0000,0.0000,0.0000,False
102,1,0.0000,0.0000,0.0000,0.0000,0.0000,0.0000,False
